"@timestamp per 10 seconds","Counter rate of logstash.node.stats.events.in per second","Counter rate of logstash.node.stats.events.out per second"
1784272910000,,
1784272920000,0,0
1784272930000,0,0
1784272940000,0,0
1784272950000,0,0
1784272960000,0,0
1784272970000,0,0
1784272980000,200.1,0
1784272990000,15687.5,8306.1
1784273000000,33613.3,17945.8
1784273010000,21024.2,11233.4
1784273020000,22052.8,11809.8
1784273030000,7422.4,4025.5
1784273040000,0,0
1784273050000,0,0
1784273060000,0,255
1784273070000,0,0
1784273080000,0,0
1784273090000,0,0
1784273100000,0,0
1784273110000,0,0
1784273120000,0,0
