"@timestamp per 10 seconds","Counter rate of docker.diskio.read.bytes per second","Counter rate of docker.diskio.write.bytes per second"
1784267390000,,
1784267400000,0,0
1784267410000,0,0
1784267420000,0,1638.4
1784267430000,0,1638.4
1784267440000,0,0
1784267450000,0,0
1784267460000,734003.2,1638.4
1784267470000,3460300.8,0
1784267480000,2516582.4,0
1784267490000,4194304,1638.4
1784267500000,2516582.4,0
1784267510000,3355443.2,0
1784267520000,2516582.4,1638.4
1784267530000,2516582.4,0
1784267540000,3355443.2,0
1784267550000,2516582.4,1638.4
1784267560000,3355443.2,0
1784267570000,2516582.4,0
1784267580000,4194304,1638.4
1784267590000,3355443.2,0
1784267600000,2516582.4,1638.4
1784267610000,3355443.2,0
1784267620000,3355443.2,0
1784267630000,2516582.4,1638.4
1784267640000,2516582.4,0
1784267650000,2516582.4,0
1784267660000,14745.6,1638.4
1784267670000,0,0
1784267680000,0,0
1784267690000,0,1638.4
1784267700000,0,0
1784267710000,0,0
1784267720000,0,1638.4
1784267730000,0,0
1784267740000,0,0
1784267750000,0,1638.4
1784267760000,,
