"@timestamp per 10 seconds","Average of logstash.node.stats.jvm.mem.heap_used_in_bytes"
1784267390000,369908394.6666667
1784267400000,434745344
1784267410000,504475648
1784267420000,569906790.4
1784267430000,605138944
1784267440000,160521072
1784267450000,170832069.33333334
1784267460000,233932216
1784267470000,935706216
1784267480000,755030800
1784267490000,791509228
1784267500000,794176096
1784267510000,875807564
1784267520000,1149343864
1784267530000,1362351412
1784267540000,817199248
1784267550000,603964464
1784267560000,1075757232
1784267570000,801752680
1784267580000,489307108
1784267590000,829624832
1784267600000,1174091744
1784267610000,353795752
1784267620000,905787784
1784267630000,821333632
1784267640000,387047069.3333333
1784267650000,1270940608
1784267660000,1135534592
1784267670000,1344201216
1784267680000,1365172736
1784267690000,1386144256
1784267700000,1413756757.3333333
1784267710000,1435951616
1784267720000,166048928
1784267730000,173388960
1784267740000,180728992
1784267750000,188593312
1784267760000,
