"@timestamp per 10 seconds","Average of docker.memory.usage.total","Average of docker.memory.usage.pct"
1784271640000,1070987946.6666666,0.12433333333333334
1784271650000,1082236928,0.12633333333333333
1784271660000,1101764608,0.1285
1784271670000,1094066176,0.127
1784271680000,1098100736,0.128
1784271690000,1100165120,0.128
1784271700000,1102925824,0.128
1784271710000,1445443584,0.1685
1784271720000,1972428800,0.2295
1784271730000,2045464576,0.23800000000000002
1784271740000,2031085568,0.23600000000000002
1784271750000,2034292053.3333333,0.23700000000000002
1784271760000,2037075968,0.23700000000000002
1784271770000,2039668736,0.23700000000000002
1784271780000,2039736320,0.23700000000000002
1784271790000,2040121344,0.23750000000000002
1784271800000,2040532992,0.23800000000000002
1784271810000,2041136469.3333333,0.2376666666666667
1784271820000,2042036224,0.23800000000000002
1784271830000,2042187776,0.23800000000000002
1784271840000,2042363904,0.23800000000000002
1784271850000,2042855424,0.23800000000000002
