"@timestamp per 10 seconds","Counter rate of docker.diskio.write.bytes per second","Average of docker.cpu.total.pct"
1784271640000,,0.019666666666666666
1784271650000,111001.6,0.004
1784271660000,74956.8,0.0125
1784271670000,40960,0.027
1784271680000,239616,0.009500000000000001
1784271690000,23347.2,0.011000000000000001
1784271700000,133529.6,0.048
1784271710000,646758.4,0.183
1784271720000,4843520,0.5015000000000001
1784271730000,4979507.2,0.6075
1784271740000,5345280,0.3585
1784271750000,8620851.2,0.37000000000000005
1784271760000,6303334.4,0.3935
1784271770000,5091328,0.0315
1784271780000,57753.6,0.461
1784271790000,144179.2,0.027000000000000003
1784271800000,388300.8,0.954
1784271810000,137216,0.03933333333333333
1784271820000,157696,0.0125
1784271830000,72499.2,0.022
1784271840000,53657.6,0.0055
1784271850000,31129.6,0.004
